id,email,encrypted_password,reset_password_token,reset_password_sent_at,remember_created_at,upload_image,bio,username,created_at,updated_at
1,julieross@gmail.com,7c92fa8016e7f50dffe601bba7e82be57eeb48a7bd106c8ec4f767dffc1e8899,14a43c4762c621602e6c35a6834677fbf0efb478,2025-05-01 03:49:50 UTC,2025-05-23 09:19:04 UTC,https://plus.unsplash.com/premium_photo-1747851399124-44459eca36c0?q=80&w=1974&auto=format&fit=crop&ixlib=rb-4.1.0&ixid=M3wxMjA3fDB8MHxwaG90by1wYWdlfHx8fGVufDB8fHx8fA%3D%3D,Dog mom. Yoga enthusiast. Always on the hunt for the best coffee in town.,Brian,2025-04-07 02:43:34 UTC,2025-04-07 02:43:34 UTC
2,sabrinaholden@hotmail.com,ca754feea387b02102cb654f34f91ec3b141414ca7102880522d696b98e634b0,6950947d0b58b254c2e36a09e8a38a6ed96989ce,2025-05-01 07:59:12 UTC,2025-05-25 22:29:28 UTC,https://images.unsplash.com/photo-1746655421130-9fba824e19f5?q=80&w=1976&auto=format&fit=crop&ixlib=rb-4.1.0&ixid=M3wxMjA3fDB8MHxwaG90by1wYWdlfHx8fGVufDB8fHx8fA%3D%3D,Passionate home cook. Bookworm. Weekend hiker and nature lover.,Rachel,2024-10-30 13:56:35 UTC,2024-10-30 13:56:35 UTC
3,kentmurphy@walker.com,4dd62bc3ec2c3d19d8d73cf4c9f98d5f1f32eb60fcfb550b570eed4ce461fa14,9f3cbaf43c1adcf1a20f41bd4ba13aa0c967552e,2025-05-25 22:45:16 UTC,2025-05-19 23:26:17 UTC,https://plus.unsplash.com/premium_photo-1747976064306-8976856830fb?q=80&w=1974&auto=format&fit=crop&ixlib=rb-4.1.0&ixid=M3wxMjA3fDB8MHxwaG90by1wYWdlfHx8fGVufDB8fHx8fA%3D%3D,Dad of 3. Amateur photographer. Can quote every line from The Office.,Adrian,2024-09-26 19:08:16 UTC,2024-09-26 19:08:16 UTC
4,brodriguez@gmail.com,558256ba3fe6a71bc45287bdb88a58fbff14e4565ff185864e150b26d51047ab,874018d41002f8d2ee49a1a41d425f7d24b4fe2e,2025-05-17 19:03:38 UTC,2025-05-23 09:57:14 UTC,https://images.unsplash.com/photo-1748306295424-de2d800de85d?q=80&w=1974&auto=format&fit=crop&ixlib=rb-4.1.0&ixid=M3wxMjA3fDB8MHxwaG90by1wYWdlfHx8fGVufDB8fHx8fA%3D%3D,Born traveler. Music junkie. Believer in lifelong learning.,Rodney,2025-05-05 01:42:41 UTC,2025-05-05 01:42:41 UTC
5,cpoole@gilbert.biz,996c73a21e15462f9c1f406fdecd0ff03aa14db8a821183343858b5cc1c5c3f4,bc3b0113d20cccf916368a794c4fc02391221cac,2025-05-22 10:09:50 UTC,2025-05-03 17:38:13 UTC,https://plus.unsplash.com/premium_photo-1748027749836-b2755867ee62?q=80&w=1974&auto=format&fit=crop&ixlib=rb-4.1.0&ixid=M3wxMjA3fDB8MHxwaG90by1wYWdlfHx8fGVufDB8fHx8fA%3D%3D,Creative spirit with a love for painting and long walks by the beach.,Tim,2025-02-20 02:30:47 UTC,2025-02-20 02:30:47 UTC
6,joneskimberly@hotmail.com,519925de07b14c0878e531dec31173c3d6a22956ddd9ce765e342c3e5ae88318,9a2a62ae721fea6e15e01753a06c8ee74144dbf3,2025-05-13 12:37:23 UTC,2025-05-25 14:59:32 UTC,https://images.unsplash.com/photo-1748259601882-013d5717ca45?q=80&w=1974&auto=format&fit=crop&ixlib=rb-4.1.0&ixid=M3wxMjA3fDB8MHxwaG90by1wYWdlfHx8fGVufDB8fHx8fA%3D%3D,Fitness fanatic. Cat owner. Podcast listener and tea drinker.,Jack,2025-02-11 01:13:49 UTC,2025-02-11 01:13:49 UTC
7,ntrujillo@hotmail.com,23be1154eab2829171213cc3b2055109a7080e5f54a8847753838c2e7af929c7,ccc042316f713624f74e004094fcb3eef3212e00,2025-05-23 01:01:26 UTC,2025-05-11 20:16:48 UTC,https://images.unsplash.com/photo-1748354340469-8ccbaeeec585?q=80&w=1955&auto=format&fit=crop&ixlib=rb-4.1.0&ixid=M3wxMjA3fDB8MHxwaG90by1wYWdlfHx8fGVufDB8fHx8fA%3D%3D,Nature lover. Vegan. Obsessive list-maker and planner.,Anthony,2024-08-17 21:38:39 UTC,2024-08-17 21:38:39 UTC
8,jesse78@yahoo.com,ad4140eebf84f393f755ab2d9954ce1c6edb0a1a1975a739ae648f361149ed0b,604dd325429c3f5d41cebb6b491986f8f82ea84c,2025-05-28 09:57:04 UTC,2025-05-28 18:20:25 UTC,https://images.unsplash.com/photo-1747747004644-4ab29224deee?q=80&w=2070&auto=format&fit=crop&ixlib=rb-4.1.0&ixid=M3wxMjA3fDB8MHxwaG90by1wYWdlfHx8fGVufDB8fHx8fA%3D%3D,Lifelong gamer. Movie buff. Collector of obscure trivia.,Kelly,2024-12-30 09:36:29 UTC,2024-12-30 09:36:29 UTC
9,hrodriguez@porter.info,5799e99bcc84f1dec58772dfed364ac07ef1b568cc91d1bebc2a42599b7b8281,475c87835c4f40a4f03cb5bcc1284165aec756c9,2025-05-11 14:56:56 UTC,2025-04-29 07:22:42 UTC,https://images.unsplash.com/photo-1748244487783-5ad28948a7c3?q=80&w=1938&auto=format&fit=crop&ixlib=rb-4.1.0&ixid=M3wxMjA3fDB8MHxwaG90by1wYWdlfHx8fGVufDB8fHx8fA%3D%3D,"Baker by passion, coder by profession. Loves puzzles and night skies.",Patricia,2025-01-06 02:44:32 UTC,2025-01-06 02:44:32 UTC
10,powellkelsey@yahoo.com,ad4da3328dc9f629e1873a8b491efc40110f3bc677d1139d276a65e4e51e0755,fadbfa6d09832a59bd9ef44502d61c1f6c5cde58,2025-05-07 19:19:34 UTC,2025-05-04 05:49:44 UTC,,Social butterfly. Karaoke queen. Always ready for game night.,Sherry,2024-07-09 04:00:06 UTC,2024-07-09 04:00:06 UTC
11,middletonscott@yahoo.com,d8db448b490a7a1dd42d31bd5e54f476f5492fdf1bbf27196961988da80342ef,37fa7402e41f69bde90223303eb620bfc2c37733,2025-05-04 02:20:12 UTC,2025-05-03 13:09:50 UTC,,Quiet observer. Loves journaling and rainy days with a good book.,Angela,2024-07-06 01:20:12 UTC,2024-07-06 01:20:12 UTC
12,alex19@kirk.com,05a1e57b06f56acae5db85480330550eed03da5939ee319957a85472963af331,e8a3b04b8c9cb6751da7bd06418fb748a5f6b801,2025-04-29 06:06:54 UTC,2025-05-02 22:31:43 UTC,,Plant parent. Foodie. Spends Sundays trying new brunch spots.,Rachael,2025-04-11 14:01:13 UTC,2025-04-11 14:01:13 UTC
13,perrysabrina@hotmail.com,2e3ff258089a62dcc777600113ac2b1e72a5ad8e5eacc0bd68725b743542b7fd,1284e1074238259aeec4b5a9b73137debea12b7f,2025-05-16 12:12:41 UTC,2025-05-21 22:44:32 UTC,,Minimalist. Coffee over everything. Finds peace in early mornings.,Chelsea,2024-08-20 04:59:30 UTC,2024-08-20 04:59:30 UTC
14,olsonkimberly@reed.org,b5e329934db0997ab8ee45317eb026acada12b0425cb0b79087e203649c865a2,049aa9f6f18f5488f01ebbfdaa50b06165d8cba0,2025-05-19 19:55:33 UTC,2025-05-13 23:58:24 UTC,,Jazz lover. Piano player. Dreamer and doer.,Laura,2024-10-06 22:10:06 UTC,2024-10-06 22:10:06 UTC
15,erodriguez@chandler.info,cf99135f843aef184b24cf01162750b66ae3201ee89bdb5038da9f6489513891,fafef50a18df84d4788c27c5fcc3f6a8af2796bd,2025-05-13 05:35:14 UTC,2025-05-20 22:08:18 UTC,,Weekend warrior. Sports nut. Proud uncle of 6.,Margaret,2025-02-20 16:56:47 UTC,2025-02-20 16:56:47 UTC
16,gonzalestimothy@green.com,a9146b65e478d12a9c04819dda680de1951148353af2edad1527f06bd5de1652,fcb84a9ed5b67a6a8c08a3420db3ddb3f74c7316,2025-05-06 18:11:27 UTC,2025-05-19 17:04:04 UTC,,Tech geek. Sci-fi reader. Espresso lover and aspiring novelist.,Victoria,2025-04-11 07:11:56 UTC,2025-04-11 07:11:56 UTC
17,halllydia@gmail.com,446c36db27dba9c3f29339d293a2644fb759ffd33204aa77e4166f2e77b120bc,1046ce2ee755fcb1064192ecf5c24b87cb3f63ab,2025-05-28 06:07:46 UTC,2025-05-21 03:06:50 UTC,,Dog dad. History nerd. Can’t say no to a board game.,Chad,2024-08-11 20:08:23 UTC,2024-08-11 20:08:23 UTC
18,sheltondonald@hotmail.com,37ddffca3e6d41d4e4c3d3a04a78e724760425dc645896517e251d62d6fd9a3a,2fc656420f16656102394764949fe5a0cbbfece5,2025-05-11 20:44:40 UTC,2025-05-05 19:10:14 UTC,,Multilingual. Obsessed with languages and international cuisine.,Rita,2024-12-18 15:40:53 UTC,2024-12-18 15:40:53 UTC
19,fmendez@gmail.com,a7e19db3de161d86be1a611a2a87240d1a2fe3a67f6050b3d442887940ca821e,6dd347987f0c36797829dc7de60f7a1aef172c91,2025-05-27 20:46:43 UTC,2025-05-09 01:48:16 UTC,,Knitter. Crime doc addict. Secret poet.,Stacey,2024-12-15 10:31:16 UTC,2024-12-15 10:31:16 UTC
20,wgonzalez@gmail.com,30ebd386833c383eb93037a7f5bb139753a6ecb4e910406d1eca476de523ecb3,1de50847981b55bb3dc475b5676d4fcb0abca2fc,2025-05-11 08:58:12 UTC,2025-05-07 05:07:10 UTC,,New mom. Nature walks recharge me. Big fan of 90s sitcoms.,John,2024-12-02 00:02:58 UTC,2024-12-02 00:02:58 UTC
